{
    "name": "t:sections.footer.name",
    "type": "footer",
    "sections": {
      "footer": {
        "type": "footer",
        "settings": {
          "color_scheme": "accent-1",
          "newsletter_enable": true,
          "newsletter_heading": "Subscribe to our emails",
          "enable_follow_on_shop": true,
          "show_social": true,
          "enable_country_selector": true,
          "enable_language_selector": true,
          "payment_enable": false,
          "show_policy": false,
          "margin_top": 0,
          "padding_top": 32,
          "padding_bottom": 32
        }
      }
    },
    "order": [
      "footer"
    ]
  }