{
    "name": "t:sections.header.name",
    "type": "header",
    "sections": {
      "header": {
        "type": "header",
        "settings": {
          "logo_position": "middle-left",
          "menu": "main-menu",
          "menu_type_desktop": "dropdown",
          "sticky_header_type": "on-scroll-up",
          "show_line_separator": false,
          "color_scheme": "background-1",
          "menu_color_scheme": "background-1",
          "enable_country_selector": true,
          "enable_language_selector": true,
          "mobile_logo_position": "center",
          "margin_bottom": 0,
          "padding_top": 20,
          "padding_bottom": 20
        }
      }
    },
    "order": [
      "header"
    ]
  }